1,google.com
2,youtube.com
3,facebook.com
4,baidu.com
5,wikipedia.org
6,tmall.com
7,yahoo.com
8,qq.com
9,taobao.com
10,sohu.com
11,twitter.com
12,google.co.in
13,amazon.com
14,instagram.com
15,vk.com
16,live.com
17,login.tmall.com
18,yandex.ru
19,jd.com
20,reddit.com
21,360.cn
22,weibo.com
23,sina.com.cn
24,google.co.jp
25,blogspot.com
26,linkedin.com
27,pages.tmall.com
28,netflix.com
29,google.com.br
30,google.com.hk
31,google.co.uk
32,pornhub.com
33,yahoo.co.jp
34,alipay.com
35,office.com
36,microsoftonline.com
37,mail.ru
38,google.ru
39,google.fr
40,google.de
41,ebay.com
42,microsoft.com
43,google.ca
44,csdn.net
45,t.co
46,twitch.tv
47,tribunnews.com
48,msn.com
49,whatsapp.com
50,livejasmin.com
51,naver.com
52,bing.com
53,xvideos.com
54,aliexpress.com
55,amazon.co.jp
56,wordpress.com
57,google.it
58,paypal.com
59,google.com.mx
60,imdb.com
61,google.es
62,stackoverflow.com
63,xhamster.com
64,apple.com
65,google.com.tr
66,github.com
67,google.com.tw
68,tumblr.com
69,imgur.com
70,espn.com
71,google.co.kr
72,googleusercontent.com
73,wikia.com
74,xinhuanet.com
75,thestartmagazine.com
76,pinterest.com
77,dropbox.com
78,bilibili.com
79,tianya.cn
80,adobe.com
81,xnxx.com
82,amazon.in
83,fbcdn.net
84,google.com.au
85,amazon.de
86,detail.tmall.com
87,google.co.id
88,amazon.co.uk
89,cobalten.com
90,hao123.com
91,quora.com
92,pixnet.net
93,amazonaws.com
94,google.co.th
95,panda.tv
96,bbc.com
97,soso.com
98,google.com.ar
99,google.pl
100,booking.com
101,cnn.com
102,onlinesbi.com
103,otvfoco.com.br
104,detik.com
105,babytree.com
106,bongacams.com
107,google.com.sa
108,chase.com
109,ask.com
110,bbc.co.uk
111,google.com.pk
112,google.com.eg
113,txxx.com
114,force.com
115,aparat.com
116,tokopedia.com
117,soundcloud.com
118,nytimes.com
119,popads.net
120,stackexchange.com
121,zhanqi.tv
122,rakuten.co.jp
123,craigslist.org
124,spotify.com
125,so.com
126,bukalapak.com
127,nih.gov
128,china.com.cn
129,porn555.com
130,google.com.ua
131,mama.cn
132,instructure.com
133,avito.ru
134,dailymotion.com
135,indeed.com
136,vimeo.com
137,nicovideo.jp
138,caijing.com.cn
139,google.co.za
140,google.com.vn
141,ebay.de
142,google.com.sg
143,openload.co
144,theguardian.com
145,daum.net
146,roblox.com
147,ok.ru
148,globo.com
149,chaturbate.com
150,softonic.com
151,salesforce.com
152,slideshare.net
153,ettoday.net
154,liputan6.com
155,ebay.co.uk
156,flipkart.com
157,google.co.ao
158,w3schools.com
159,uol.com.br
160,iqiyi.com
161,zhihu.com
162,google.az
163,people.com.cn
164,researchgate.net
165,google.co.ve
166,godaddy.com
167,upornia.com
168,fc2.com
169,mediafire.com
170,huanqiu.com
171,cnet.com
172,dnckawxatc.com
173,etsy.com
174,wetransfer.com
175,google.com.co
176,yy.com
177,scribd.com
178,wikihow.com
179,vice.com
180,bet9ja.com
181,mercadolivre.com.br
182,ci123.com
183,google.nl
184,newsupdateunit.info
185,kompas.com
186,bankofamerica.com
187,deviantart.com
188,exosrv.com
189,rednet.cn
190,quizlet.com
191,google.gr
192,google.cn
193,wellsfargo.com
194,walmart.com
195,google.com.ph
196,youm7.com
197,dkn.tv
198,google.com.pe
199,medium.com
200,outbrain.com
201,amazon.it
202,amazon.fr
203,patria.org.ve
204,discordapp.com
205,onlinevideoconverter.com
206,indiatimes.com
207,breitbart.com
208,ebc.net.tw
209,washingtonpost.com
210,alibaba.com
211,youporn.com
212,mozilla.org
213,1688.com
214,ladbible.com
215,blogger.com
216,slack.com
217,cloudfront.net
218,freepik.com
219,setn.com
220,cnblogs.com
221,shutterstock.com
222,zillow.com
223,yelp.com
224,diply.com
225,steamcommunity.com
226,rambler.ru
227,ebay-kleinanzeigen.de
228,google.com.ng
229,trello.com
230,livejournal.com
231,yts.am
232,google.se
233,webcontentdelivery.info
234,google.cl
235,sciencedirect.com
236,spankbang.com
237,weather.com
238,doubleclick.net
239,alwafd.news
240,twimg.com
241,dailymail.co.uk
242,digikala.com
243,sogou.com
244,blackboard.com
245,douban.com
246,speedtest.net
247,redtube.com
248,duckduckgo.com
249,google.be
250,lolesports.com
251,genius.com
252,hulu.com
253,savefrom.net
254,google.pt
255,foxnews.com
256,17ok.com
257,sindonews.com
258,thepiratebay.org
259,forbes.com
260,bet365.com
261,messenger.com
262,nfl.com
263,newsprofin.com
264,myshopify.com
265,pornq.com
266,amazon.es
267,yao.tmall.com
268,xfinity.com
269,activetect.net
270,51sole.com
271,crptentry.com
272,google.ae
273,google.ch
274,abs-cbn.com
275,mega.nz
276,google.ro
277,eastday.com
278,canva.com
279,hclips.com
280,nextoptim.com
281,viralvideos.technology
282,ikea.com
283,ltn.com.tw
284,jrj.com.cn
285,bkn.go.id
286,reverso.net
287,163.com
288,allegro.pl
289,google.dz
290,ameblo.jp
291,steampowered.com
292,intuit.com
293,mailchimp.com
294,1337x.to
295,archive.org
296,youth.cn
297,buzzfeed.com
298,amazon.ca
299,tripadvisor.com
300,gamepedia.com
301,americanexpress.com
302,line.me
303,list.tmall.com
304,asos.com
305,zendesk.com
306,office365.com
307,baike.com
308,orange.fr
309,tistory.com
310,bestbuy.com
311,okdiario.com
312,airbnb.com
313,doublepimp.com
314,momoshop.com.tw
315,bitmedianetwork.com
316,hdfcbank.com
317,google.at
318,businessinsider.com
319,udemy.com
320,myway.com
321,aol.com
322,mmofreegames.online
323,exdynsrv.com
324,wordreference.com
325,sex.com
326,wikimedia.org
327,telegram.org
328,bles.com
329,capitalone.com
330,albawabhnews.com
331,usps.com
332,rt.com
333,icloud.com
334,banvenez.com
335,kinopoisk.ru
336,glassdoor.com
337,zoho.com
338,google.co.il
339,varzesh3.com
340,google.cz
341,pinimg.com
342,hp.com
343,gfycat.com
344,gearbest.com
345,tvbs.com.tw
346,weebly.com
347,siteadvisor.com
348,bp.blogspot.com
349,thesaurus.com
350,redd.it
351,hotstar.com
352,gamespot.com
353,userapi.com
354,livedoor.com
355,cqnews.net
356,kakaku.com
357,amazon.cn
358,hola.com
359,flickr.com
360,mercadolibre.com.ar
361,okta.com
362,chouftv.ma
363,wp.pl
364,google.ie
365,nownews.com
366,onet.pl
367,zoom.us
368,gosuslugi.ru
369,kaskus.co.id
370,ups.com
371,leboncoin.fr
372,huya.com
373,mlb.com
374,oath.com
375,wordpress.org
376,coinmarketcap.com
377,files.wordpress.com
378,namu.wiki
379,dmm.co.jp
380,ouo.io
381,sberbank.ru
382,cambridge.org
383,irctc.co.in
384,livedoor.jp
385,westernjournal.com
386,patreon.com
387,primevideo.com
388,google.no
389,skype.com
390,goodreads.com
391,huffingtonpost.com
392,exoclick.com
393,pixiv.net
394,bloomberg.com
395,doublepimpssl.com
396,merdeka.com
397,taboola.com
398,oracle.com
399,sourceforge.net
400,google.kz
401,olx.ua
402,leagueoflegends.com
403,zippyshare.com
404,googlevideo.com
405,rarbg.to
406,ndtv.com
407,ensonhaber.com
408,biobiochile.cl
409,uptodown.com
410,elpais.com
411,vidio.com
412,fiverr.com
413,healthline.com
414,atlassian.net
415,namnak.com
416,taleo.net
417,google.hu
418,aliyun.com
419,haber7.com
420,hotmovs.com
421,homedepot.com
422,op.gg
423,fedex.com
424,kissanime.ru
425,6.cn
426,tgju.org
427,free.fr
428,samsung.com
429,emol.com
430,battle.net
431,naija.ng
432,gome.com.cn
433,icicibank.com
434,target.com
435,gismeteo.ru
436,box.com
437,jf71qh5v14.com
438,cdstm.cn
439,evernote.com
440,divar.ir
441,dell.com
442,playstation.com
443,shaparak.ir
444,ign.com
445,youdao.com
446,citi.com
447,usatoday.com
448,mercadolibre.com.mx
449,gmx.net
450,wiktionary.org
451,cdninstagram.com
452,ouedkniss.com
453,wowhead.com
454,grid.id
455,douyu.com
456,google.dk
457,accuweather.com
458,olx.pl
459,uzone.id
460,behance.net
461,rotumal.com
462,znanija.com
463,infourok.ru
464,libero.it
465,jiameng.com
466,rottentomatoes.com
467,mi.com
468,pixabay.com
469,wix.com
470,3c.tmall.com
471,sahibinden.com
472,smallpdf.com
473,google.fi
474,ebay.it
475,google.com.kw
476,upwork.com
477,google.sk
478,youku.com
479,rediff.com
480,manoramaonline.com
481,uniqlo.tmall.com
482,i62e2b4mfy.com
483,seasonvar.ru
484,cnnindonesia.com
485,seznam.cz
486,urbandictionary.com
487,goo.ne.jp
488,hm.com
489,slickdeals.net
490,nur.kz
491,104.com.tw
492,adp.com
493,chegg.com
494,viva.co.id
495,billdesk.com
496,prezi.com
497,grammarly.com
498,s9kkremkr0.com
499,wsj.com
500,wiley.com
501,kumparan.com
502,3dmgame.com
503,google.co.nz
504,idntimes.com
505,pikabu.ru
506,ria.ru
507,springer.com
508,vacaneedasap.com
509,nike.com
510,dcinside.com
511,android.com
512,tutorialspoint.com
513,elsevier.com
514,cnbc.com
515,fidelity.com
516,kooora.com
517,web.de
518,drom.ru
519,cbssports.com
520,patch.com
521,investing.com
522,nvzhuang.tmall.com
523,queuecosm.bid
524,wtoip.com
525,metropoles.com
526,rutube.ru
527,list-manage.com
528,beeg.com
529,lenta.ru
530,att.com
531,pantip.com
532,repubblica.it
533,hotnewhiphop.com
534,9gag.com
535,marca.com
536,khanacademy.org
537,inquirer.net
538,paytm.com
539,mawdoo3.com
540,gamersky.com
541,ca.gov
542,popcash.net
543,yandex.kz
544,sabq.org
545,ebay.com.au
546,wixsite.com
547,bleacherreport.com
548,google.lk
549,subscene.com
550,webmd.com
551,eventbrite.com
552,bitly.com
553,weblio.jp
554,surveymonkey.com
555,oload.cloud
556,gmarket.co.kr
557,wish.com
558,ilovepdf.com
559,gsmarena.com
560,telewebion.com
561,geeksforgeeks.org
562,debate.com.mx
563,souq.com
564,go.com
565,hdzog.com
566,kapanlagi.com
567,tube8.com
568,hurriyet.com.tr
569,egy.best
570,drudgereport.com
571,yourporn.sexy
572,admaimai.com
573,coursehero.com
574,food.tmall.com
575,discogs.com
576,bandcamp.com
577,squarespace.com
578,givemesport.com
579,scribol.com
580,hespress.com
581,sportbible.com
582,td.com
583,mit.edu
584,tradingview.com
585,cryptobrowser.site
586,subject.tmall.com
587,myanimelist.net
588,paytmmall.com
589,rbc.ru
590,nga.cn
591,blog.jp
592,telegraph.co.uk
593,naukri.com
594,appledaily.com
595,prothomalo.com
596,gizmodo.com
597,independent.co.uk
598,google.com.do
599,factaholics.com
600,japanpost.jp
601,merriam-webster.com
602,asus.com
603,jqw.com
604,thefreedictionary.com
605,nyaa.si
606,npr.org
607,gstatic.com
608,duba.com
609,browsergames2018.com
610,ptt.cc
611,torrentz2.eu
612,verizonwireless.com
613,epicgames.com
614,voot.com
615,gamer.com.tw
616,pole-emploi.fr
617,convert2mp3.net
618,brilio.net
619,digitaldsp.com
620,drive2.ru
621,engadget.com
622,eyny.com
623,nbcnews.com
624,nianhuo.tmall.com
625,scol.com.cn
626,kickstarter.com
627,ibm.com
628,giphy.com
629,pandora.com
630,wattpad.com
631,bancodevenezuela.com
632,avgle.com
633,google.com.ly
634,lifedaily.com
635,premium-offers.space
636,autodesk.com
637,firefox.com
638,reuters.com
639,rutracker.org
640,nexusmods.com
641,f5v1x3kgv5.com
642,spiegel.de
643,cinecalidad.to
644,trustpilot.com
645,academia.edu
646,yadi.sk
647,asana.com
648,thepiratebay3.org
649,4chan.org
650,e-hentai.org
651,t-online.de
652,douyin.com
653,elmundo.es
654,alnaharegypt.com
655,filehippo.com
656,sputniknews.com
657,banesconline.com
658,investopedia.com
659,shopify.com
660,pexels.com
661,memurlar.net
662,beytoote.com
663,milliyet.com.tr
664,expedia.com
665,turkiye.gov.tr
666,n11.com
667,4399.com
668,google.bg
669,banggood.com
670,riotgames.com
671,mathrubhumi.com
672,indoxx1.com
673,wunderground.com
674,shein.com
675,mercadolibre.com.ve
676,indiamart.com
677,hubspot.com
678,state.gov
679,xda-developers.com
680,google.by
681,google.rs
682,coursera.org
683,media.tumblr.com
684,feedly.com
685,fishki.net
686,nhentai.net
687,unsplash.com
688,mercari.com
689,bild.de
690,kijiji.ca
691,vnexpress.net
692,perfecttoolmedia.com
693,olx.com.br
694,torrent9.ph
695,naganoadigei.com
696,fb.ru
697,interia.pl
698,techradar.com
699,ultimate-guitar.com
700,eksisozluk.com
701,axisbank.co.in
702,alodokter.com
703,mheducation.com
704,hatena.ne.jp
705,caixa.gov.br
706,lefigaro.fr
707,webex.com
708,dailysnark.com
709,moneycontrol.com
710,jw.org
711,dictionary.com
712,discuss.com.hk
713,discover.com
714,animeyt.tv
715,chinadaily.com.cn
716,hh.ru
717,motorsport.com
718,www.gov.uk
719,lemonde.fr
720,premierleague.com
721,mgid.com
722,myhome.tmall.com
723,cisco.com
724,jmw.com.cn
725,urdupoint.com
726,kizlarsoruyor.com
727,padlet.com
728,ninisite.com
729,google.tn
730,uod2quk646.com
731,k618.cn
732,newstarads.com
733,dmm.com
734,ieee.org
735,animeflv.net
736,ruliweb.com
737,myanmarload.com
738,gotporn.com
739,huaban.com
740,pchome.com.tw
741,porn.com
742,crunchyroll.com
743,europa.eu
744,huawei.com
745,farfetch.com
746,wayfair.com
747,nbcsports.com
748,miao.tmall.com
749,dailycaller.com
750,groupon.com
751,yournewtab.com
752,qualtrics.com
753,cricbuzz.com
754,crabsecret.tmall.com
755,artstation.com
756,aimer.tmall.com
757,addthis.com
758,youjizz.com
759,udn.com
760,creditonebank.com
761,studfiles.net
762,uptobox.com
763,ed.gov
764,newegg.com
765,jianshu.com
766,utorrent.com
767,spotscenered.info
768,rapidgator.net
769,yandex.com.tr
770,cdiscount.com
771,agoda.com
772,blog.me
773,getpocket.com
774,harvard.edu
775,hotels.com
776,justdial.com
777,nordstrom.com
778,dream.co.id
779,express.co.uk
780,rarbgprx.org
781,naver.jp
782,costco.com
783,timeanddate.com
784,issuu.com
785,concursolutions.com
786,nikkei.com
787,subito.it
788,hepsiburada.com
789,as.com
790,okezone.com
791,nba.com
792,avast.com
793,mileroticos.com
794,1bcde.com
795,mobile.de
796,dianping.com
797,cbsnews.com
798,newsupdatecard.info
799,reundcwkqvctq.com
800,aksam.com.tr
801,archiveofourown.org
802,ecollege.com
803,intel.com
804,lee.tmall.com
805,corriere.it
806,yaplakal.com
807,macys.com
808,dafont.com
809,mobile01.com
810,bicentenariobu.com
811,stanford.edu
812,gap.tmall.com
813,labanquepostale.fr
814,abola.pt
815,umblr.com
816,vporn.com
817,marketwatch.com
818,chess.com
819,bitbucket.org
820,mynet.com
821,yenisafak.com
822,xe.com
823,vesti.ru
824,entrepreneur.com
825,americanas.com.br
826,err.tmall.com
827,sanook.com
828,lun.com
829,localgirldating.com
830,lifewire.com
831,postbank.de
832,movierulz.st
833,marriott.com
834,nypost.com
835,myfreecams.com
836,wondershare.com
837,cnzz.com
838,ecosia.org
839,secureserver.net
840,lenovo.com
841,theverge.com
842,ticketmaster.com
843,standardmedia.co.ke
844,gmanetwork.com
845,gyazo.com
846,namasha.com
847,doodle.com
848,farsnews.com
849,poste.it
850,neiyi.tmall.com
851,rutor.info
852,heavy.com
853,techcrunch.com
854,nature.com
855,4pda.ru
856,ebay.fr
857,southwest.com
858,google.hr
859,dnevnik.ru
860,tandfonline.com
861,tnt-online.ru
862,nhk.or.jp
863,thewhizmarketing.com
864,kayak.com
865,humblebundle.com
866,themeforest.net
867,zougla.gr
868,oeeee.com
869,snapdeal.com
870,royalbank.com
871,gazetaexpress.com
872,prom.ua
873,asahi.com
874,wildberries.ru
875,hatenablog.com
876,chip.de
877,mathworks.com
878,11st.co.kr
879,kp.ru
880,jma.go.jp
881,ifeng.com
882,auction.co.kr
883,mydrivers.com
884,cimaclub.com
885,alicdn.com
886,constintptr.com
887,worldofwarcraft.com
888,tempo.co
889,canalrcn.com
890,zing.vn
891,cam4.com
892,espncricinfo.com
893,livescore.com
894,abril.com.br
895,bankmellat.ir
896,ukr.net
897,bldaily.com
898,epfindia.gov.in
899,ebates.com
900,usaa.com
901,caliente.mx
902,usbank.com
903,google.com.gt
904,xtube.com
905,pngtree.com
906,nsportal.ru
907,python.org
908,spao.tmall.com
909,ruten.com.tw
910,4shared.com
911,elbalad.news
912,meetup.com
913,dcard.tw
914,duolingo.com
915,lapatilla.com
916,ytimg.com
917,eztv.ag
918,cbc.ca
919,5ch.net
920,tabelog.com
921,caf.fr
922,lifehacker.com
923,rus.ec
924,redfin.com
925,ccm.net
926,superuser.com
927,shopee.tw
928,infobae.com
929,kakao.com
930,suara.com
931,ikco.ir
932,ea.com
933,vox.com
934,yespornplease.com
935,readms.net
936,lowes.com
937,tasnimnews.com
938,1and1.com
939,binance.com
940,sci-hub.tw
941,dmv.org
942,pearsoncmg.com
943,makemytrip.com
944,pornpics.com
945,jstor.org
946,blibli.com
947,goal.com
948,linkshrink.net
949,thehill.com
950,realtor.com
951,yandex.by
952,ali213.net
953,aa.com
954,sapo.pt
955,study.com
956,gog.com
957,wp.com
958,google.com.ec
959,taringa.net
960,58.com
961,chron.com
962,indianexpress.com
963,velocitycdn.com
964,punchng.com
965,zara.com
966,basecamp.com
967,gdz.ru
968,google.com.my
969,schoology.com
970,jimdo.com
971,askubuntu.com
972,google.lt
973,heraldweekly.com
974,usnews.com
975,crhoy.com
976,folha.uol.com.br
977,knowyourmeme.com
978,zimuzu.tv
979,178.com
980,badoo.com
981,chatwork.com
982,cloudflare.com
983,google.iq
984,visualstudio.com
985,yjc.ir
986,otto.de
987,gazeta.ru
988,pornhd.com
989,echo.msk.ru
990,uniqlo.com
991,hellomagazine.com
992,t.me
993,norton.com
994,qj.com.cn
995,incometaxindiaefiling.gov.in
996,xhamsterlive.com
997,tirto.id
998,flvto.biz
999,exhentai.org
1000,news.com.au